[
    {
        "name": "Camera",
        "location": {
            "x": 0.0,
            "y": 0.0,
            "z": 1.8683092594146729
        },
        "rotation_euler": {
            "x": 1.804261565208435,
            "y": -0.02560310810804367,
            "z": 0.49823057651519775
        }
    },
    {
        "name": "Camera.001",
        "location": {
            "x": -322.04052734375,
            "y": 52.76681137084961,
            "z": 2.790271759033203
        },
        "rotation_euler": {
            "x": 1.6687431335449219,
            "y": 0.0,
            "z": 5.204951286315918
        }
    },
    {
        "name": "Camera.002",
        "location": {
            "x": -40.640560150146484,
            "y": 160.91680908203125,
            "z": 1.580270767211914
        },
        "rotation_euler": {
            "x": 2.172764539718628,
            "y": 0.0,
            "z": -3.0362443923950195
        }
    },
    {
        "name": "Camera.003",
        "location": {
            "x": -87.31056213378906,
            "y": 577.6567993164062,
            "z": 18.91027069091797
        },
        "rotation_euler": {
            "x": 1.4871909618377686,
            "y": 0.0,
            "z": 3.004678726196289
        }
    }
]